model,r2,mae,rmse
global,0.8045296827322233,0.2049041020045301,0.2803403703830348
chunked_aggregate,0.969061479148533,0.08223779898665097,0.1138142535956501
