model,r2,mae,rmse
global,0.8045296827322233,0.2049041020045301,0.2803403703830348
chunked_aggregate,0.9699640943579452,0.0785364520670046,0.11009982469878356
